-- MySQL dump 10.13  Distrib 8.0.32, for Win64 (x86_64)
--
-- Host: localhost    Database: boardgame
-- ------------------------------------------------------
-- Server version	8.0.32

/*!40101 SET @OLD_CHARACTER_SET_CLIENT=@@CHARACTER_SET_CLIENT */;
/*!40101 SET @OLD_CHARACTER_SET_RESULTS=@@CHARACTER_SET_RESULTS */;
/*!40101 SET @OLD_COLLATION_CONNECTION=@@COLLATION_CONNECTION */;
/*!50503 SET NAMES utf8 */;
/*!40103 SET @OLD_TIME_ZONE=@@TIME_ZONE */;
/*!40103 SET TIME_ZONE='+00:00' */;
/*!40014 SET @OLD_UNIQUE_CHECKS=@@UNIQUE_CHECKS, UNIQUE_CHECKS=0 */;
/*!40014 SET @OLD_FOREIGN_KEY_CHECKS=@@FOREIGN_KEY_CHECKS, FOREIGN_KEY_CHECKS=0 */;
/*!40101 SET @OLD_SQL_MODE=@@SQL_MODE, SQL_MODE='NO_AUTO_VALUE_ON_ZERO' */;
/*!40111 SET @OLD_SQL_NOTES=@@SQL_NOTES, SQL_NOTES=0 */;

--
-- Table structure for table `giochi`
--

DROP TABLE IF EXISTS `giochi`;
/*!40101 SET @saved_cs_client     = @@character_set_client */;
/*!50503 SET character_set_client = utf8mb4 */;
CREATE TABLE `giochi` (
  `id` int NOT NULL AUTO_INCREMENT,
  `titolo` varchar(100) DEFAULT NULL,
  `descrizione` longtext,
  `regole` longtext,
  `minGiocatori` int DEFAULT NULL,
  `etaMinima` int DEFAULT NULL,
  `durataMedia` int DEFAULT NULL,
  `linkAmazon` varchar(1000) DEFAULT NULL,
  `maxGiocatori` int DEFAULT NULL,
  `immagini` varchar(500) DEFAULT NULL,
  `categoria` varchar(100) DEFAULT NULL,
  PRIMARY KEY (`id`),
  UNIQUE KEY `titolo` (`titolo`)
) ENGINE=InnoDB AUTO_INCREMENT=21 DEFAULT CHARSET=utf8mb4 COLLATE=utf8mb4_0900_ai_ci;
/*!40101 SET character_set_client = @saved_cs_client */;

--
-- Dumping data for table `giochi`
--

LOCK TABLES `giochi` WRITE;
/*!40000 ALTER TABLE `giochi` DISABLE KEYS */;
INSERT INTO `giochi` VALUES (1,'Passa la bomba','Party Game per eccellenza, Passa la Bomba è un divertente ed… esplosivo gioco di parole','Si pesca una carta, il primo giocatore aziona la bomba e deve dire una parola che contenga la sillaba mostrata sulla carta; dopodiché passala bomba al giocatore successivo il quale a sua volta dovrà dire una parola con la stessa sillaba, differente dalla precedente. Si va avanti così finché la bomba non esplode\nIl giocatore che si ritrova con la bomba in mano quando questa esplode, riceverà la carta come penalità. E per rendere il tutto un po’ più complicato, un dado v’indicherà dove la sillaba può essere usata nella parola',2,12,3,'https://www.amazon.it/Giochi-Uniti-Passa-Bomba-Base/dp/B008COYB6K?th=1',99,'/res/GU36179-B1-PARTY-GAMES-passa-la-bomba.jpg','Party'),(2,'Taboo','Fai in modo che i compagni di gioco pronuncino la parola misteriosa da indovinare senza nominare le parole proibite','Fai in modo che i compagni di gioco pronuncino la parola misteriosa da indovinare senza nominare le parole proibite. Oops! Se nomini una delle parole proibite gli avversari schiacciano il pulsante',4,13,10,'https://www.amazon.it/Hasbro-Gaming-Taboo-Scatola-A4626103/dp/B00DXNCH66/ref=sr_1_2?__mk_it_IT=%C3%85M%C3%85%C5%BD%C3%95%C3%91&crid=HA7KRQO9D33V&keywords=taboo&qid=1679304100&s=toys&sprefix=taboo%2Ctoys%2C99&sr=1-2',99,'/res/99582143a9c0ea339defde47e30592446f0388ba.jpg','Party'),(3,'What do you meme?','Un esilarante sfida all\'ultimo meme','Per iniziare, ciascun giocatore pesca 7 carte didascalia; un giudice, a rotazione fra i giocatori, sceglie la carta immagine che verrà utilizzata durante il turno; l\'immagine viene mostrata ai giocatori e messa sul cavalletto in dotazione\nI giocatori dovranno scegliere la carta didascalica che, tra 7 a loro disposizione, si abbina alla carta immagine; una volta ricevute tutte le carte didascalia, il giudice potrà sollevarle dal tavolo, mescolarle e leggerle ad alta voce\nLa carta didascalia molto divertente vincerà il turno e il giocatore che l\'ha proposta conserverà la carta immagine come Trofeo; vince il giocatore che accumula molte carte immagine rispetto ai suoi avversari',3,18,30,'https://www.amazon.it/What-Do-You-Meme-ITALIANO/dp/B088MM5MJX/ref=sr_1_9?__mk_it_IT=%C3%85M%C3%85%C5%BD%C3%95%C3%91&crid=3BTSRZNIXBZNL&keywords=giochi%2Bda%2Btavolo&qid=1679476597&sprefix=giochi%2Bda%2Bta%2Caps%2C148&sr=8-9&th=1',50,'/res/Image20230327150058.jpg','Party'),(4,'Risiko','Sfida i tuoi amici, conquista e distruggi le lande nemiche nel classico gioco coi carri armati colorati','Raggiungere per primi il proprio obiettivo segreto.\nCOMPONENTI\nUn piano di gioco, rappresentante un planisfero suddiviso\nin 42 territori, appartenenti ai 6 continenti. Su ogni\nterritorio è indicato un Punteggio Vittoria. Tale valore\nserve esclusivamente se decidete di utilizzare le nuove\nregole per il gioco a tempo ridotto.\n6 armate di diverso colore composte da piccoli carrarmati\n(del valore di un’armata ciascuno) e bandierine (del valore\ndi 10 armate) 3 dadi di colore rosso e 3 dadi di colore blu.\nUn mazzo di carte “Territori” così suddiviso:\n•	 42 carte raffiguranti ciascuna uno dei territori\npresenti sulla plancia di gioco e il simbolo di una\ndelle tre armi dell’esercito (fante, cavallo, cannone).\n•	 2 carte “Jolly” distinguibili dalle altre per la presenza\ndei simboli di tutte le armi e l’assenza della mappa.\nUn mazzo di carte “Obiettivi”, indicanti gli obiettivi segreti\nche i giocatori dovranno tentare di raggiungere.',3,10,360,'https://www.amazon.it/Editrice-Giochi-Risiko-Tavolo-6033849/dp/B073H8PGZW/ref=sr_1_16?__mk_it_IT=%C3%85M%C3%85%C5%BD%C3%95%C3%91&crid=3BTSRZNIXBZNL&keywords=giochi%2Bda%2Btavolo&qid=1679476953&sprefix=giochi%2Bda%2Bta%2Caps%2C148&sr=8-16&th=1',6,'/res/Image20230327150107.png','Strategia'),(5,'Cranium','Sbizzarrisciti per far indovinare le parole misteriose ai tuoi compagni di squadra disegnandole, mimandole, ma anche cantando, scolpendo, risolvendo spassosi rompicapo e addirittura ripetendo le frasi al contrario per arrivare primo al traguardo del tabellone!','Ci sono fino ad un massimo di 4 squadre, composte da un minimo di 2 giocatori ciascuna. Formate le squadre, inizia quella a cui appartiene il giocatore con la data di nascita più prossima. Al contrario di molti altri giochi, qui il dado viene tirato dopo, solo se la squadra supera la prova della carta gioco; altrimenti si passa il turno senza tirare il dado. Nel tabellone ci sono tappe di 5 colori; per quelle verdi, gialle, rosse e blu bisogna pescare le carte del colore corrispondente. Invece per quelle viola la squadra può scegliere a proprio piacimento quale pescare. Nella posizione più lunga il tabellone comprende anche dei piccoli cranium viola e delle scorciatoie.',4,16,60,'https://www.amazon.it/Hasbro-Gaming-C1939103-CRANIUM/dp/B072PRYCT5',99,'/res/Cranium.jpg','Party'),(6,'Munchkin','Inoltratevi nel dungeon. Uccidete tutto quello che si muove. Fate fuori i vostri compagni e rubategli l\'equipaggiamento.','In ogni turno di una partita a Munchkin, un giocatore scopre una carta porta (apre una porta) se la carta è un mostro lo combatte: somma al suo livello (minimo 1) tutti i bonus che gli conferiscono gli oggetti (come L\'altro anello o il Titolo davvero impressionante) e confronta il risultato con il livello del mostro, il tutto può essere influenzato da pozioni (come la Pozione esplosiva del gelo), i potenziamenti solo per mostri (come Antico o In lingerie) e da aiuti di altri personaggi (in cambio di qualcosa); se il giocatore vince lo scontro guadagna (minimo) un livello e prende i tesori del mostro (pescando il numero di carte Tesoro indicate), altrimenti deve tentare la fuga (si fugge con 5 o 6): nel caso in cui non riesca a fuggire gli succedono le brutte cose indicate nella carta del mostro. Se invece non è stato scoperto un mostro, il giocatore perquisisce la stanza (pescando una carta Porta). Lo scopo del gioco è raggiungere il 10º livello, ma esiste la variante epica che pone come obiettivo il 20º livello. Oltre agli scontri e agli imprevisti sopra citati si devono aggiungere le Maledizioni e i poteri delle Classi e delle Razze dei personaggi.',3,10,60,'https://www.amazon.it/Raven-Munchkin/dp/B00D2Q6VI4/ref=sr_1_1?__mk_it_IT=%C3%85M%C3%85%C5%BD%C3%95%C3%91&crid=2WC6XWPPAYTKA&keywords=munchkin&qid=1680016424&sprefix=munchkin%2Caps%2C153&sr=8-1&th=1',6,'/res/Munchkin.jpg','Carte'),(7,'Buzzed - Vietato agli Astemi','Buzzed è il drinking game per adulti che svolta le serate! Con le sue regole semplicissime, è il gioco che rivela molto dei propri amici e suscita tante risate.','A turno, ogni giocatore pesca una carta e legge l\'affermazione scritta sopra. A seconda che si ritrovi o meno in quanto appena letto, il giocatore beve un drink a propria scelta (birra, vino, cocktail, ma anche succo di frutta o acqua frizzante, seppur altamente sconsigliati).',3,18,30,'https://www.amazon.it/Buzzed-WhatDoYouMeme-LLC/dp/B07Z75QZNP/ref=sr_1_1?__mk_it_IT=%C3%85M%C3%85%C5%BD%C3%95%C3%91&crid=5VTPW3CXX5DJ&keywords=buzzed&qid=1680017482&s=toys&sprefix=buzzed+%2Ctoys%2C132&sr=1-1',20,'/res/Buzzed.jpg','Party'),(8,'Pandemia','Scopri le quattro cure alle rispettive malattie prima che la situazione sfugga di mano ed i morbi si diffondano senza controllo','In Pandemia il fine ultimo impone la collaborazione tra i giocatori per fermare e debellare quattro epidemie (chiamate semplicemente Blu, Gialla, Nera e Rossa) prima che queste sfocino in pandemie. Il contenuto del gioco comprende una plancia rappresentante una rete di collegamenti tra le città più importanti del mondo, quattro tipi di carte (Carte Giocatore, Carte Infezione, Carte Ruolo, Carte Riassuntive), Cubetti Malattia di quattro colori diversi (blu, giallo, nero, rosso), pedine e segnalini di vario genere.',2,10,45,'https://www.amazon.it/Asmodee-Pandemic-Tavolo-Edizione-Italiano/dp/B077XT1411/ref=sr_1_1?__mk_it_IT=%C3%85M%C3%85%C5%BD%C3%95%C3%91&crid=28HZ4VNJDUM4N&keywords=pandemia&qid=1680018441&s=toys&sprefix=pandemia%2Ctoys%2C171&sr=1-1',4,'/res/Pandemia.jpg','Cooperativo'),(9,'1830','Costruite le grandi ferrovie d’America!','1830... in America è l’alba della cosiddetta Era della Ferrovia. Siete dei ricchi investitore e speculatori, pronti a scommettere che questa nuova tecnologia rivoluzionerà il mondo dei trasporti. Il commercio non dipenderà più da strade sterrate piene di solchi e lenti canali fluviali. Invece, cavalcherà il vento su veloci e potenti cavalli di ferro! 1830 è un acclamato gioco di investimento e costruzione che copre gli anni dal 1830 al presente. I giocatori si calano nei panni di azionisti delle prime compagnie ferroviarie americane e competono per il controllo dei marchi più prestigiosi. Quando ne assumono la presidenza, possono generare proventi costruendo binari e acquistando e manovrando treni... a prescindere dai bisogni degli azionisti minori. Nel frattempo, ogni giocatore deve prestare attenzione al volatile mercato azionario: lo scopo è investire il proprio denaro nelle compagnie di successo al fine di guadagnare cospicui dividendi. Bisogna tentare di acquistare azioni nelle compagnie il cui valore è in crescita, raccogliere quanti più profitti possibile e poi vendere prima che il valore delle azioni precipiti.',2,12,240,'https://www.amazon.it/Giochi-Uniti-SL0058-Ferrovie-dIndustria/dp/B008KKMDN4/ref=sr_1_1?__mk_it_IT=%C3%85M%C3%85%C5%BD%C3%95%C3%91&crid=2DEGV6FB7PAPJ&keywords=1830+gioco&qid=1680087038&sprefix=1830+gioco%2Caps%2C253&sr=8-1',6,'/res/1830.jpg','Strategia'),(10,'Exploding Kittens','UNA ROULETTE RUSSA...FELINA!','Il gioco è una versione altamente strategica e potentemente felina della roulette russa. I giocatori pescano carte fino a quando qualcuno non pesca una carta Exploding Kitten: a quel punto quel qualcuno esplode, è eliminato, è fuori dal gioco. A meno che quel giocatore non abbia una carta Disinnesgatto nella propria mano che possa disinnescare la carta Exploding Kitten come farebbero anche i puntatori laser, i grattini sulla pancia o i sandwich di erba gatta. Tutte le rimanenti carte nel mazzo vengono usate per spostare, attenuare o evitare le carte Exploding Kitten.',2,7,15,'https://www.amazon.it/Asmodee-Exploding-Kittens-Edizione-Italiana-8540/dp/B077L3RV2B/ref=d_pb_allspark_dp_sims_pao_desktop_session_based_sccl_4_4/261-9994867-1822402?pd_rd_w=z4ckP&content-id=amzn1.sym.1b9ed8bb-7b0c-438c-b913-348735789bdb&pf_rd_p=1b9ed8bb-7b0c-438c-b913-348735789bdb&pf_rd_r=47V1BG2WRZHNAY2YJ84Z&pd_rd_wg=OxdhV&pd_rd_r=6829d947-21b7-486d-a738-9af8794a47ab&pd_rd_i=B077L3RV2B&psc=1',5,'/res/Exploding Kittens.jpg','Carte'),(11,'Le Leggende di Andor','Un gioco da tavolo cooperativo di avventure, in cui da due a quattro giocatori vestono i panni di eroi che devono proteggere un reame da orde di invasori','Il gioco narra la storia di Andor divisa in cinque leggende, ovvero mini-avventure completabili in più sessioni di gioco. I giocatori vestono i panni di una compagnia di eroi (Guerriero/a, Mago/a, Arciere/a, Nano/a, nella versione di base) incaricati di portare a termine le missioni di ogni leggenda, che hanno per obiettivo la salvaguardia del reame, sventando i malefici piani orditi da creature ostili alla pace del regno. La plancia è divisa in due mappe da gioco (Reame di Andor e Miniera abbandonata) a loro volta divise in regioni. L\'avanzamento del gioco è scandito da una serie di giornate coincidente con i turni totali di gioco. Durante una giornata ogni giocatore ha a disposizione 7 ore al giorno (e 3 addizionali) spendibili a più riprese per compiere azioni come spostarsi tra le regioni o combattere le creature. In aggiunta sono disponibili azioni gratuite di recupero oggetti e potenziamento. Le giornate avanzano generalmente quando tutti gli eroi esauriscono le ore a disposizione oppure quando una creatura viene eliminata. La seconda condizione limita la possibilità di controllo della partita, poiché eliminare troppe creature comporta la prematura conclusione del gioco. Per tale motivo, al fine di completare le missioni, è necessaria la stretta collaborazione degli eroi. A complicare la buona riuscita delle missioni, si aggiungono eventi aleatori che contribuiscono all\'originalità di ogni partita. Le regole sono presentate gradualmente: oltre ai due manuali contenenti i riferimenti generali, ogni leggenda è narrata tramite un apposito mazzo di carte ordinate alfabeticamente, con le proprie regole personalizzate e note di ambientazione. Ciò permette ai giocatori di poter fare la loro prima partita molto rapidamente, mentre nuove regole vengono aggiunte avanzando con il gioco.',2,13,60,'https://www.amazon.it/Giochi-Uniti-Leggende-Andor-GU063/dp/B00BCJTQQC/ref=sr_1_2?__mk_it_IT=%C3%85M%C3%85%C5%BD%C3%95%C3%91&crid=GJ8WMESH31S5&keywords=Le%2BLeggende%2Bdi%2BAndor&qid=1680088476&s=toys&sprefix=le%2Bleggende%2Bdi%2Bandor%2Ctoys%2C197&sr=1-2&th=1',5,'/res/Le Leggende di Andor.jpg','Cooperativo'),(12,'Mysterium','Risolvi il mistero del crimine commesso nella tenuta di Warwick Manor.','Mysterium è un gioco cooperativo in cui tutti i giocatori devono lavorare insieme per arrivare alla vittoria, altrimenti tutti perdono. Dopo aver disposto lo schermo in maniera tale il fantasma possa avere davanti a sé le sue carte personaggio, luogo e oggetto senza che gli altri giocatori possano vederle, si mescolano le varie tipologie di carte presenti facendo attenzione a non mescolare fra di loro due mazzi differenti. Si pescano dunque 6 carte medium per ciascuna categoria (personaggio, luogo e oggetto) e le si pongono al di là dello schermo, dalla parte dei medium; nel frattempo il fantasma seleziona le carte fantasma equivalenti a quelle medium già disposte sul tavolo e ne abbina ciascuna ad un colore; i colori sono a loro volta abbinati ciascuno ad un medium differente. Qualora i medium presenti siano meno di 6, il fantasma dovrà scartare a caso alcune delle sue carte, senza far vedere agli altri giocatori quali carte ha scartato.',2,10,40,'https://www.amazon.it/Asmodee-Italia-Mysterium-Edizione-Italiana/dp/B07PPJ4X95/ref=d_pb_allspark_dp_sims_pao_desktop_session_based_sccl_4_22/261-9994867-1822402?pd_rd_w=TfJUI&content-id=amzn1.sym.1b9ed8bb-7b0c-438c-b913-348735789bdb&pf_rd_p=1b9ed8bb-7b0c-438c-b913-348735789bdb&pf_rd_r=E0HGR9H9TM9HEMGW9G38&pd_rd_wg=IG8L0&pd_rd_r=e7078e16-3795-4272-8a11-be84b2a2a725&pd_rd_i=B07PPJ4X95&th=1',7,'/res/Mysterium.jpg','Cooperativo'),(13,'Res Arcana','In un’alta torre, un alchimista prepara misteriose pozioni utilizzando delle ampolle colme di fluidi arcani. In un bosco sacro, un druido pesta delle erbe al fine di completare un rituale mistico. Nelle catacombe, un necromante evoca un drago d’ossa… Benvenuti nel mondo di Res Arcana!','Vita, Morte, Impeto, Calma e Oro sono le essenze che alimentano l’arte della magia in questo mondo oscuro. Scegliete il vostro mago, radunate le essenze, plasmate artefatti unici e usateli per evocare draghi, conquistare luoghi di potere e ottenere la vittoria! In Res Arcana, da 2 a 4 maghi alchemici lottano per ottenere il controllo di antichi monumenti e luoghi di potere. I maghi usano le loro essenze e i loro oggetti magici per costruire artefatti, attivare i loro poteri e dominare draghi. Il mago con il maggior numero di punti vince! Ogni mago inizia con 1 essenza di ogni tipo, 3 artefatti in mano e 1 oggetto magico. Durante un round, i giocatori riscuoteranno essenze e poi effettueranno 1 azione ogni turno, finché tutti non avranno passato. L’obiettivo è quello di possedere il maggior numero di punti, 10 o più, quando la vittoria viene verificata.',2,12,60,'https://www.amazon.it/Asmodee-Arcana-Gioco-Edizione-Italiano/dp/B08WX6S2DG/ref=sr_1_1_mod_primary_new?__mk_it_IT=%C3%85M%C3%85%C5%BD%C3%95%C3%91&crid=23FHB2AFD2IOU&keywords=res+arcana&qid=1680102632&s=toys&sbo=RZvfv%2F%2FHxDF%2BO5021pAnSA%3D%3D&sprefix=res+arcana%2Ctoys%2C101&sr=1-1',4,'/res/Res Arcana.jpg','Strategia'),(14,'Stone Age','Erano tempi duri. I nostri antenati lavoravano sodo, sforzando gambe e schiena con l’aratro di legno nella terra rocciosa. Per fortuna il progresso non si è fermato all’aratro di legno: gli uomini hanno sempre cercato utensili migliori e piante più produttive per migliorare la resa del proprio lavoro. I giocatori rivivono questa epoca e, come fecero i nostri antenati, raccolgono la legna, lavorano la pietra e setacciano i fiumi in cerca d’oro. Commerciano liberamente, espandono il proprio villaggio e, in questo modo, raggiungono nuovi livelli di sviluppo e civilizzazione.','Il gioco è ambientato nella preistoria, e i giocatori interpretano le tribù che cercano di progredire dal punto di vista produttivo e scientifico. All\'inizio della partita ogni giocatore riceve cinque pedine lavoratore e una plancia di gioco. I giocatori possono scegliere dove piazzare i loro lavoratori sul tabellone di gioco. A seconda dell\'area in cui vengono piazzati i lavoratori daranno diritto a dei bonus di diverso tipo. Il primo giocatore di turno sceglie la prima area da occupare con uno o più lavoratori, poi tocca al secondo, al terzo, al quarto e poi di nuovo al primo. Si procede in questo modo fin quando tutti hanno posizionato tutti i loro lavoratori. Bisogna sottolineare che per un giocatore non è più possibile aggiungere lavoratori in un\'area in cui ha già posizionato dei lavoratori. Le aree di piazzamento sono: Miglioramento del livello agricolo, che consente di far salire di un punto l\'indicatore del livello agricolo, Area riproduzione (il giocatore piazza obbligatoriamente due lavoratori e ne ottiene un terzo), Acquisizione degli attrezzi (il giocatore aggiunge (o fa progredire) una tessera attrezzo), Acquisizione tessere capanna, Raccolta di materie prime, ovvero legno, argilla, pietra, oro e cibo, Acquisizione carte civilizzazione. Per ottenere risorse bisogna lanciare dei dadi in numero proporzionale al numero di lavoratori messi in quell\'area risorsa e dividere il risultato ottenuto per il costo della risorsa. Il cibo costa 2, il legno 3, l\'argilla 4, la pietra 5 e l\'oro 6. Il gioco prevede la possibilità di arrotondare i risultati dei dadi tramite gli attrezzi: se per esempio si piazzano 3 lavoratori nell\'area dell\'argilla (dunque si lanciano 3 dadi) e si ottiene 15 allora si divide il risultato per il valore dell\'argilla (cioè 4) e si ottiene 3 con il resto di 3, con la conseguenza che si prendono 3 risorse di argilla; se però si possiede un attrezzo di valore di almeno 1 è possibile arrotondare il risultato a 16 e prendere direttamente 4 risorse. Le risorse vengono utilizzate per pagare le carte civilizzazione e le tessere capanna, che danno diritto a dei bonus e soprattutto ai punti vittoria. La partita termina quando non ci sono più carte o tessere, e alla fine di essa vince chi ha più punti.',2,10,90,'https://www.amazon.it/Giochi-Uniti-GU317-Gioco-Tavolo/dp/B007N5WXVE/ref=d_pd_sbs_sccl_4_16/261-9994867-1822402?pd_rd_w=hTSSq&content-id=amzn1.sym.58ff4a54-7d94-4cb8-b8cf-d350475577b8&pf_rd_p=58ff4a54-7d94-4cb8-b8cf-d350475577b8&pf_rd_r=1DVRZ8EMK6TY4BSKE9CT&pd_rd_wg=N7ZUH&pd_rd_r=cb719545-7d17-402e-b08e-ea06d6572e58&pd_rd_i=B007N5WXVE&th=1',4,'/res/Stone Age.jpg','Strategico'),(15,'7 Wonders','Guidate anche voi una delle sette grandi città dell\'Antico Mondo! Sfruttate le risorse naturali delle vostre terre, prendete parte all\'eterna marcia del progresso, sviluppate le vostre relazioni commerciali e imponete il vostro assetto militare. Lasciate il segno nella storia della civilizzazione costruendo una meraviglia architettonica che perdurerà nei secoli dei secoli...','Ogni giocatore riceve all\'inizio del gioco una scheda che raffigura una delle sette meraviglie del mondo, che rappresenta la civiltà che controlla. La scheda indica quali sono i bonus che dà la meraviglia ai vari stadi di avanzamento di costruzione e le risorse iniziali a disposizione del giocatore. Una partita viene giocata su tre turni rappresentanti tre epoche, una più avanzata dell\'altra. Ad ogni epoca è associato un mazzo di carte che rappresentano materie prime (carte marroni), prodotti finiti (grigie), strutture militari (rosse), civili (blu), commerciali (gialle), scientifiche (verdi) e gilde (viola). Ogni carta riporta il proprio costo di costruzione, che può essere nullo o richiedere di possedere alcune risorse o di pagare monete d\'oro. Risorse mancanti possono essere acquistate da uno dei giocatori vicini se questo le possiede e vengono pagate in monete d\'oro. Il costo di alcune strutture può essere ignorato se si possiede una specifica struttura dell\'era precedente. All\'inizio di ogni era ogni giocatore riceve sette carte del mazzo di quell\'era. Ogni giocatore sceglie contemporaneamente agli altri una singola carta dalla propria mano da giocare e quindi passa il resto della mano al giocatore vicino (alla sua sinistra nella prima e terza era e alla sua destra nella seconda era). Le carte giocate vengono rivelate contemporaneamente, il loro costo pagato e i loro effetti risolti. Quindi si ripete la scelta della carta da giocare per altri cinque turni fino a che non resta che una singola carta in mano a ogni giocatore, che viene scartata. Al termine di ogni era vengono risolti i conflitti militari tra vicini, quindi si distribuisce una nuova mano dal mazzo dell\'era successiva e si prosegue. Esaurito anche il secondo mazzo si prosegue con il terzo mazzo, terminato anche questo i giocatori conteggiano i loro punteggi nelle differenti aree (civile, scientifica e commerciale). Chi ha ottenuto più punti vince.',2,10,30,'https://www.amazon.it/Asmodee-Italia-Wonders-Edizione-Italiano/dp/B08GCVXXLY/ref=d_pb_allspark_dp_sims_pao_desktop_session_based_sccl_3_5/261-9994867-1822402?pd_rd_w=kFMmQ&content-id=amzn1.sym.1b9ed8bb-7b0c-438c-b913-348735789bdb&pf_rd_p=1b9ed8bb-7b0c-438c-b913-348735789bdb&pf_rd_r=01NJXATH7M71RSJRC6D5&pd_rd_wg=xLxTW&pd_rd_r=a67d02b0-2185-4c54-b6e5-85941f779535&pd_rd_i=B08GCVXXLY&th=1',7,'/res/7Wonders.jpg','Carte'),(16,'Bang!','Fin dall\'alba dei tempi, lo Sceriffo dà la caccia ai Fuorilegge. I Fuorilegge danno la caccia allo Sceriffo. Il Rinnegato trama nell\'ombra, pronto a schierarsi da una parte o dall\'altra... Chi sarà lo spietato Fuorilegge, che non aspetta altro che far fuori lo Sceriffo? Per scoprirlo, bisogna prendere le carte... Oggi, finalmente, lo Sceriffo ha deciso di chiudere la questione a modo suo. Con una pallottola col nome sopra. Questo nome è BANG!','Comincia a giocare lo sceriffo; e al proprio turno un giocatore pesca due carte e può giocare quante carte vuole, eccetto per le carte Bang! di cui se ne può giocare solo una. Gli effetti delle carte sono descritti mediante simboli e possono permettere di rubare una carta dalla mano di un giocatore, obbligare un giocatore a scartare una carta, mettere in prigione un personaggio, cambiare la distanza relativa rispetto agli altri giocatori oppure cambiare la distanza a cui si può sparare. Le carte Bang! permettono di sparare ad un altro giocatore purché sia nel raggio di tiro della propria arma. Ogni giocatore è considerato ad una distanza relativa di 1 rispetto ai due giocatori che gli siedono a fianco, a distanza relativa 2 rispetto a quelli che siedono al posto successivo e così via, sempre contando per la via più breve. Si possono colpire gli avversari a distanza 2 avendo un\'arma con gettata superiore come la Schofield, o utilizzando carte come Mirino che riducono la distanza tra i giocatori. Ogni personaggio è sempre considerato come armato con una Colt. 45 che gli permette di colpire bersagli a distanza 1. Se il bersaglio ha una carta Mancato la può giocare ed evitare di essere colpito, altrimenti perde un proiettile (cioè un punto-vita). Quando un personaggio perde l\'ultimo proiettile è eliminato dal gioco. La carta Birra può essere usata per recuperare un punto-vita. Un personaggio non può avere più punti vita di quelli con cui ha iniziato il gioco. Alla fine del proprio turno, un personaggio deve scartare le carte in eccesso del numero di pallottole che ha il suo personaggio in quel momento. Il gioco continua in senso orario fino a che lo Sceriffo è eliminato oppure fino a che tutti i fuorilegge e il rinnegato sono stati eliminati.',3,8,45,'https://www.amazon.it/dV-Giochi-DVG9021-BANG-Pallottola/dp/B001037L8K/ref=sr_1_8?keywords=bang+gioco+da+tavolo&qid=1680106165&s=toys&sprefix=bang%2Ctoys%2C141&sr=1-8',8,'/res/Bang!.jpg','Carte');
/*!40000 ALTER TABLE `giochi` ENABLE KEYS */;
UNLOCK TABLES;

--
-- Table structure for table `listgame`
--

DROP TABLE IF EXISTS `listgame`;
/*!40101 SET @saved_cs_client     = @@character_set_client */;
/*!50503 SET character_set_client = utf8mb4 */;
CREATE TABLE `listgame` (
  `id` int NOT NULL AUTO_INCREMENT,
  `utenti_id` int DEFAULT NULL,
  `giochi_id` int DEFAULT NULL,
  PRIMARY KEY (`id`),
  KEY `utenti_id` (`utenti_id`),
  KEY `giochi_id` (`giochi_id`),
  CONSTRAINT `listgame_ibfk_1` FOREIGN KEY (`utenti_id`) REFERENCES `utenti` (`id`) ON DELETE SET NULL ON UPDATE CASCADE,
  CONSTRAINT `listgame_ibfk_2` FOREIGN KEY (`giochi_id`) REFERENCES `giochi` (`id`) ON DELETE SET NULL ON UPDATE CASCADE
) ENGINE=InnoDB AUTO_INCREMENT=168 DEFAULT CHARSET=utf8mb4 COLLATE=utf8mb4_0900_ai_ci;
/*!40101 SET character_set_client = @saved_cs_client */;

--
-- Dumping data for table `listgame`
--

LOCK TABLES `listgame` WRITE;
/*!40000 ALTER TABLE `listgame` DISABLE KEYS */;
INSERT INTO `listgame` VALUES (3,2,2),(135,NULL,2),(139,NULL,2),(141,NULL,3),(158,16,1),(159,16,2),(160,16,3),(161,16,4),(162,16,5),(163,16,4),(164,9,2),(165,9,2),(167,9,1);
/*!40000 ALTER TABLE `listgame` ENABLE KEYS */;
UNLOCK TABLES;

--
-- Table structure for table `propostagiochi`
--

DROP TABLE IF EXISTS `propostagiochi`;
/*!40101 SET @saved_cs_client     = @@character_set_client */;
/*!50503 SET character_set_client = utf8mb4 */;
CREATE TABLE `propostagiochi` (
  `id` int NOT NULL AUTO_INCREMENT,
  `titolo` varchar(100) DEFAULT NULL,
  `descrizione` longtext,
  `regole` longtext,
  `nGiocatori` int DEFAULT NULL,
  `etaMinima` int DEFAULT NULL,
  `durataMedia` int DEFAULT NULL,
  `maxGiocatori` int DEFAULT NULL,
  `utentePropostaId` int DEFAULT NULL,
  PRIMARY KEY (`id`),
  KEY `utentePropostaId` (`utentePropostaId`),
  CONSTRAINT `propostagiochi_ibfk_1` FOREIGN KEY (`utentePropostaId`) REFERENCES `utenti` (`id`) ON DELETE SET NULL ON UPDATE CASCADE
) ENGINE=InnoDB DEFAULT CHARSET=utf8mb4 COLLATE=utf8mb4_0900_ai_ci;
/*!40101 SET character_set_client = @saved_cs_client */;

--
-- Dumping data for table `propostagiochi`
--

LOCK TABLES `propostagiochi` WRITE;
/*!40000 ALTER TABLE `propostagiochi` DISABLE KEYS */;
/*!40000 ALTER TABLE `propostagiochi` ENABLE KEYS */;
UNLOCK TABLES;

--
-- Table structure for table `utenti`
--

DROP TABLE IF EXISTS `utenti`;
/*!40101 SET @saved_cs_client     = @@character_set_client */;
/*!50503 SET character_set_client = utf8mb4 */;
CREATE TABLE `utenti` (
  `id` int NOT NULL AUTO_INCREMENT,
  `nome` varchar(100) DEFAULT NULL,
  `cognome` varchar(100) DEFAULT NULL,
  `username` varchar(100) DEFAULT NULL,
  `userPassword` varchar(100) DEFAULT NULL,
  `datanascita` date DEFAULT NULL,
  `email` varchar(100) DEFAULT NULL,
  `admin` tinyint(1) NOT NULL DEFAULT '0',
  PRIMARY KEY (`id`),
  UNIQUE KEY `username` (`username`),
  UNIQUE KEY `email` (`email`)
) ENGINE=InnoDB AUTO_INCREMENT=18 DEFAULT CHARSET=utf8mb4 COLLATE=utf8mb4_0900_ai_ci;
/*!40101 SET character_set_client = @saved_cs_client */;

--
-- Dumping data for table `utenti`
--

LOCK TABLES `utenti` WRITE;
/*!40000 ALTER TABLE `utenti` DISABLE KEYS */;
INSERT INTO `utenti` VALUES (2,'Valerio','Piccioni','cawabonga','password','1994-03-07','piccioncino69@otmeil.it',1),(3,'Gianluca','Domenicano','gianluca99','password','1997-10-12','gianluca99@gmail.it',1),(4,'Fabio','Lamborghini','fabio99','password','2000-06-01','fabio99@gmail.it',0),(5,'Niccolò','Abete','niccolo99','password','2001-05-22','niccolo99@gmail.it',1),(6,'Andrea','Bisogno','andrea99','password','1999-11-16','andrea99@gmail.it',0),(7,'Davide','Carra','davide99','password','1998-12-02','davide99@gmail.it',0),(8,'Sofia','Cartusino','sofia99','password','1997-10-07','sofia99@gmail.it',1),(9,'Gabriele','Russo','gabriele99','password','1999-11-26','gabriele99@gmail.it',0),(10,'Antonio','Duepiedi','antonio99','password','1996-11-22','antonio99@gmail.it',0),(11,'fabio','mercedes','napoli','pene','2000-01-01','csfqegewfqsw@fgeqgeq.it',0),(14,'Valerio','Piccioni','feg','fgegbrdf','1999-03-16','valerio94piioni@gmail.com',0),(15,'gianluca','franzisi','giangiugi','francesco','1998-04-07','gianluca99franzini@gmail.it',0),(16,'yuntu','rossi','yuro','furry','1990-11-01','sonoyuntu@hothornygirl.it',0),(17,'Angela','di Natale','angelarita','angela','1999-01-09','angelarita@gmail.com',0);
/*!40000 ALTER TABLE `utenti` ENABLE KEYS */;
UNLOCK TABLES;
/*!40103 SET TIME_ZONE=@OLD_TIME_ZONE */;

/*!40101 SET SQL_MODE=@OLD_SQL_MODE */;
/*!40014 SET FOREIGN_KEY_CHECKS=@OLD_FOREIGN_KEY_CHECKS */;
/*!40014 SET UNIQUE_CHECKS=@OLD_UNIQUE_CHECKS */;
/*!40101 SET CHARACTER_SET_CLIENT=@OLD_CHARACTER_SET_CLIENT */;
/*!40101 SET CHARACTER_SET_RESULTS=@OLD_CHARACTER_SET_RESULTS */;
/*!40101 SET COLLATION_CONNECTION=@OLD_COLLATION_CONNECTION */;
/*!40111 SET SQL_NOTES=@OLD_SQL_NOTES */;

-- Dump completed on 2023-04-03  0:02:49
